<?xml version='1.0'?>
<highlighters>

<highlighter type='multiline-comment'>
  <start>/*</start>
  <end>*/</end>
</highlighter>

<highlighter type='oneline-comment'>
  //
</highlighter>

<highlighter type='oneline-comment'>
  #
</highlighter>

<highlighter type='string'>
  <string>"</string>
  <escape>\</escape>
</highlighter>

<highlighter type='string'>
  <string>'</string>
  <escape>\</escape>
</highlighter>


<highlighter type='keywords'>
  <keyword>ATTR</keyword>
  <keyword>CALL</keyword>
  <keyword>CALL_PTR</keyword>
  <keyword>CONSTRUCTOR</keyword>
  <keyword>DESTRUCTOR</keyword>
  <keyword>METH</keyword>
  <keyword>PRIVATE</keyword>

  <keyword>auto</keyword>
  <keyword>break</keyword>
  <keyword>case</keyword>
  <keyword>char</keyword>
  <keyword>const</keyword>
  <keyword>continue</keyword>
  <keyword>default</keyword>
  <keyword>do</keyword>
  <keyword>double</keyword>
  <keyword>else</keyword>
  <keyword>enum</keyword>
  <keyword>exit</keyword>
  <keyword>extern</keyword>
  <keyword>float</keyword>
  <keyword>for</keyword>
  <keyword>goto</keyword>
  <keyword>if</keyword>
  <keyword>int</keyword>
  <keyword>long</keyword>
  <keyword>register</keyword>
  <keyword>return</keyword>
  <keyword>short</keyword>
  <keyword>signed</keyword>
  <keyword>sizeof</keyword>
  <keyword>static</keyword>
  <keyword>struct</keyword>
  <keyword>switch</keyword>
  <keyword>typedef</keyword>
  <keyword>union</keyword>
  <keyword>unsigned</keyword>
  <keyword>void</keyword>
  <keyword>volatile</keyword>
  <keyword>while</keyword>
  <ignoreCase/>
</highlighter>

</highlighters>
<!--

Copyright (c) 2005 Michal Molhanec

This software is provided 'as-is', without any express or implied
warranty. In no event will the authors be held liable for any damages
arising from the use of this software.

Permission is granted to anyone to use this software for any purpose,
including commercial applications, and to alter it and redistribute it
freely, subject to the following restrictions:

1. The origin of this software must not be misrepresented; you must
   not claim that you wrote the original software. If you use this
   software in a product, an acknowledgment in the product
   documentation would be appreciated but is not required.

2. Altered source versions must be plainly marked as such, and must
   not be misrepresented as being the original software.

3. This notice may not be removed or altered from any source
   distribution.

-->